id,split,pred,subtype_diag,file,reason
a040,dev,human,,call_f0847759-3017-485e-aae7-830ba475daa7.mp3,"то записывает диалог для абонента, это показывает живое общение, а не автоматический ответ.   Таким образом, это живой человек в реальном времени, поэтому класс human. </think>  <answer>human</answer>"
a047,dev,human,human,call_a762f8f3-ff35-4571-b198-710f3b3eb4b0.mp3,"ранее подготовленный текст, она реагирует на ответы мужчины, что подтверждает живой диалог.   Таким образом, это живой человек в реальном времени, поэтому класс human. </think>  <answer>human</answer>"
a051,test,human,machine_mimic,883140005731673_out_79150436981_2026_05_07-09_06_27_37sz.mp3,"т быть автоматическим. Но по правилам, если есть живая реакция, то human. В данном случае, голос женщины задает вопросы, что указывает на живую реакцию. Поэтому human. </think>  <answer>human</answer>"
a054,test,human,,ad885b4e_5749_47d7_834f_8e16997e7d17_conversation_1778777736114212826.mp3,"если это записанная фраза, то answering_machine. Однако, если человек отвечает на вопросы, то human. В данном случае, возможно, это живой человек, поэтому класс human. </think>  <answer>human</answer>"
a057,test,INVALID,machine_mimic,call_ce4f9e4e-6e02-415a-a8d5-50992bd57bc7.mp3,"<think> Хорошо, мне нужно классифицировать этот аудиофрагмент. Сначала посмотрю на акустику и поведение. В начале слышно ""Да"", потом женский голос говорит: ""Здравствуйте, это Анна. Вы ранее интересова"
a004,train,human,human,call_30441e71-e23e-43fe-80be-f6c1e2c4a164.mp3,"сего, это живой человек. Но проверю еще раз: нет ли признаков синтетического голоса. Голос женщины звучит естественно, с эмоциями, живыми паузами. Поэтому класс human. </think>  <answer>human</answer>"
a005,train,human,,f30bd277_b9dd_4001_9a33_c258a1a17c17_conversation_1778775939241227650.mp3,", есть эмоции, нерегулярная речь. Даже с помехами и прерываниями, собеседник продолжает диалог, реагируя на каждую реплику. Поэтому это живой человек, не автоответчик. </think>  <answer>human</answer>"
a016,train,human,machine_mimic,call_374c312a-845b-41ae-bbfa-8e69518b77b6.mp3,"мени, есть спонтанные реплики, нет типовых фраз автоответчика. Голос не звучит как синтетический, интонация естественная, есть живые паузы и ответы. Поэтому это human. </think>  <answer>human</answer>"
a020,train,human,human,5761694028_2c1fa0d49f9022d424a9dcb9dd8454b4.mp3,"ановку.   Проверяю признаки machine: нет типовых фраз, монолога без диалога, системных сообщений. Все ответы взаимодействуют, есть вопросы и ответы. Значит, это human. </think>  <answer>human</answer>"
a021,train,human,human,call_a9576fbd-94f7-4b06-9d53-a8d52922cf1e.mp3,"нкретный вопрос, что указывает на живую реакцию. Также нет типовых фраз IVR или системных сообщений. Всё похоже на реальный разговор между людьми. Значит, класс human. </think>  <answer>human</answer>"
a023,train,human,,5421015435_5892b6bcbd2b34b4d43b360ecb7ca350.mp3," есть живые переспросы, эмоции, реагирование на вопросы, даже с помехами. Не похоже на автоответчик или IVR, так как там обычно нет такой спонтанности и живых реакций. </think>  <answer>human</answer>"
a029,train,human,,call_f7aa222b-4f55-4085-8c66-6eb0336db6a4.mp3,"ями. Например, ""Можно послушать"" звучит естественно, как живой человек. Также есть ответы на конкретные вопросы, что указывает на реальный диалог. Поэтому класс human. </think>  <answer>human</answer>"
a035,train,human,human,call_c7e7037b-2fa0-40ac-a28f-934bb7d54e0f.mp3,"тоответчика или голосовой почты. Записанный голос не похож на синтетический, интонация естественная. Поэтому это живой человек в реальном времени. Значит, класс human. </think>  <answer>human</answer>"
a036,train,human,,9fdfc7ca_d83c_442f_adb1_5c4abe274e55_conversation_1778776644062540193.mp3,"аминки, переспросы, что указывает на реальный диалог.  Таким образом, класс human, так как это живой человек в реальном времени, ведущий диалог с реакциями на вопросы. </think>  <answer>human</answer>"
